pest_file,model_file
wel__0_grid.csv.tpl,mult/wel__0_grid.csv
chd__0_grid.csv.tpl,mult/chd__0_grid.csv
k_pp_0pp.dat.tpl,k_pp_0pp.dat
k_0_0_zone.csv.tpl,mult/k_0_0_zone.csv
k_pp_1pp.dat.tpl,k_pp_1pp.dat
k_1_0_zone.csv.tpl,mult/k_1_0_zone.csv
k_pp_2pp.dat.tpl,k_pp_2pp.dat
k_2_0_zone.csv.tpl,mult/k_2_0_zone.csv
k_pp_3pp.dat.tpl,k_pp_3pp.dat
k_3_0_zone.csv.tpl,mult/k_3_0_zone.csv
k33_pp_0pp.dat.tpl,k33_pp_0pp.dat
k33_0_0_zone.csv.tpl,mult/k33_0_0_zone.csv
k33_pp_1pp.dat.tpl,k33_pp_1pp.dat
k33_1_0_zone.csv.tpl,mult/k33_1_0_zone.csv
k33_pp_2pp.dat.tpl,k33_pp_2pp.dat
k33_2_0_zone.csv.tpl,mult/k33_2_0_zone.csv
k33_pp_3pp.dat.tpl,k33_pp_3pp.dat
k33_3_0_zone.csv.tpl,mult/k33_3_0_zone.csv
rch_pp_0pp.dat.tpl,rch_pp_0pp.dat
rch_const_0_constant.csv.tpl,mult/rch_const_0_constant.csv
./neversink_packagedata.dat.tpl,./neversink_packagedata.dat
